{
  "project_info": {
    "project_number": "77387106956",
    "firebase_url": "https://invictus-lifestyle.firebaseio.com",
    "project_id": "invictus-lifestyle",
    "storage_bucket": "invictus-lifestyle.appspot.com"
  },
  "client": [
    {
      "client_info": {
        "mobilesdk_app_id": "1:77387106956:android:3d265ed72f649ddf",
        "android_client_info": {
          "package_name": "net.invictusmanagement.invictuslifestyle"
        }
      },
      "oauth_client": [
        {
          "client_id": "77387106956-3dfp2stp5hve49qu1vusamjlb3d0hr5v.apps.googleusercontent.com",
          "client_type": 3
        }
      ],
      "api_key": [
        {
          "current_key": "AIzaSyB6n86Fo2-aZejQAfrlVAgggTwNhbN8ur0"
        }
      ],
      "services": {
        "analytics_service": {
          "status": 1
        },
        "appinvite_service": {
          "status": 1,
          "other_platform_oauth_client": []
        },
        "ads_service": {
          "status": 2
        }
      }
    }
  ],
  "configuration_version": "1"
}